<?xml version="1.0" encoding="UTF-8"?>
<project-private xmlns="http://www.netbeans.org/ns/project-private/1">
    <editor-bookmarks xmlns="http://www.netbeans.org/ns/editor-bookmarks/2" lastBookmarkId="0"/>
    <open-files xmlns="http://www.netbeans.org/ns/projectui-open-files/2">
        <group>
            <file>file:/Users/umerraja/All%20Cloud%20Drives%20/OneDrive/Umer%20Documents/Study/Education/DU/Introduction%20to%20Object-Oriented%20Programming(IK1052)/Module%20%23%203/OrderOfTeamsInSportsEvent%20(Mini%20Project%20Module%203)/src/MiniProjectM3/TeamsOrder.java</file>
            <file>file:/Users/umerraja/All%20Cloud%20Drives%20/OneDrive/Umer%20Documents/Study/Education/DU/Introduction%20to%20Object-Oriented%20Programming(IK1052)/Module%20%23%203/OrderOfTeamsInSportsEvent%20(Mini%20Project%20Module%203)/src/MiniProjectM3/Team.java</file>
        </group>
    </open-files>
</project-private>
